"Ticker","Nome","Negócios","Última (R$)","Variação"
"MGLU3","Magazine Luiza","88.086.400","1,77","-2,75%"
"HAPV3","Hapvida","82.094.200","3,94","-3,19%"
"PETR4","Petrobras","55.821.500","39,59","+2,22%"
"B3SA3","B3","50.523.500","11,96","-3,47%"
"CIEL3","Cielo","29.699.000","5,39","-0,37%"
"CVCB3","CVC","29.680.700","2,46","-5,38%"
"BBDC4","Banco Bradesco","28.633.200","14,40","-2,11%"
"COGN3","Cogna","27.240.900","2,33","-0,85%"
"ITUB4","Itaú Unibanco","26.829.700","32,86","-2,11%"
"ABEV3","Ambev","23.028.800","12,10","-2,10%"
"RAIZ4","Raízen","21.574.900","3,28","-3,81%"
"VALE3","Vale","21.155.900","61,60","-1,52%"
"CMIN3","CSN Mineração","20.479.400","5,10","-6,08%"
"PETZ3","Petz","19.228.400","3,79","-6,19%"
"IFCM3","Infracommerce","19.079.300","0,87","-7,45%"
"MRVE3","MRV","18.923.600","7,06","-4,59%"
"ITSA4","Itaúsa","18.507.800","10,01","-1,96%"
"SOMA3","Grupo Soma","17.893.800","6,45","-4,16%"
"CMIG4","CEMIG","15.883.500","13,14","-1,28%"
"PETR3","Petrobras","15.627.500","41,00","+3,02%"
"PCAR3","Grupo Pão de Açúcar","15.305.200","2,60","-2,99%"
"AZUL4","Azul","14.526.000","12,76","-6,93%"
"AMER3","Americanas","14.253.900","0,56","-3,45%"
"RAIL3","Rumo","14.076.100","22,70","-2,45%"
"CPLE6","Copel","13.993.900","9,58","-2,44%"
"CSNA3","Siderúrgica Nacional","12.902.700","14,35","-4,97%"
"BEEF3","Minerva","12.493.000","6,46","-1,52%"
"LREN3","Lojas Renner","11.634.800","16,37","-5,32%"
"HBSA3","Hidrovias do Brasil","11.051.000","4,16","-0,95%"
"CSAN3","Cosan","10.726.800","15,56","-2,45%"
"AZEV4","Azevedo & Travassos","10.328.900","1,69","+13,42%"
"USIM5","Usiminas","10.004.200","10,36","-2,72%"
"BRFS3","BRF","9.335.300","16,88","-2,20%"
"PRIO3","PetroRio","9.145.800","50,19","+0,70%"
"LWSA3","Locaweb","8.883.100","5,42","-0,91%"
"CPLE3","Copel","8.713.000","8,52","-2,63%"
"OIBR3","Oi","8.408.200","0,65","+1,56%"
"RADL3","RaiaDrogasil","8.210.400","26,38","-1,75%"
"JBSS3","JBS","8.163.800","22,35","-0,27%"
"CYRE3","Cyrela","8.150.100","23,63","-3,08%"
"GGBR4","Gerdau","8.097.300","22,85","-0,65%"
"EQTL3","Equatorial Energia","8.009.500","32,00","-2,14%"
"BBSE3","BB Seguridade","7.824.700","33,07","-1,05%"
"TIMS3","TIM","7.681.700","17,79","-5,22%"
"CRFB3","Carrefour Brasil","7.642.600","12,93","-4,08%"
"RDOR3","Rede D'Or","7.494.900","24,71","-2,83%"
"MRFG3","Marfrig","7.468.100","10,44","-3,42%"
"CBAV3","CBA","7.459.500","4,71","-6,73%"
"ENEV3","Eneva","7.414.000","12,83","-2,43%"
"ASAI3","Assaí","7.406.000","14,24","-2,86%"
"QUAL3","Qualicorp","7.399.700","1,58","-6,51%"
"TOTS3","Totvs","7.355.200","27,73","-1,25%"
"WEGE3","WEG","7.139.300","38,40","-1,03%"
"BBAS3","Banco do Brasil","7.050.000","57,60","-1,35%"
"SUZB3","Suzano","6.944.600","61,76","-0,85%"
"RENT3","Localiza","6.869.000","53,59","-3,13%"
"VAMO3","Grupo Vamos","6.783.100","8,39","-3,23%"
"NTCO3","Natura","6.526.200","17,50","-1,96%"
"CEAB3","C&A","6.473.200","11,55","-7,15%"
"ELET3","Eletrobras","6.445.300","40,72","-2,09%"
"HYPE3","Hypera","6.299.800","30,76","-1,88%"
"DXCO3","Dexco","6.002.600","7,57","-2,70%"
"BHIA3","Casas Bahia","5.863.400","6,90","-2,27%"
"CCRO3","Grupo CCR","5.848.300","13,72","-2,76%"
"RRRP3","3R Petroleum","5.779.000","35,35","-0,48%"
"GFSA3","Gafisa","5.604.100","6,90","+15,97%"
"BRAP4","Bradespar","5.580.400","20,84","-1,61%"
"ECOR3","EcoRodovias","5.499.400","7,96","-3,16%"
"GOAU4","Metalúrgica Gerdau","5.457.000","10,71","-0,56%"
"VBBR3","Vibra Energia","5.444.000","25,51","-1,96%"
"UGPA3","Ultrapar","5.270.800","27,70","-3,11%"
"EMBR3","Embraer","5.251.000","32,84","+0,89%"
"MOVI3","Movida","5.222.600","8,12","-2,99%"
"BBDC3","Banco Bradesco","5.014.300","12,81","-2,21%"
"RECV3","PetroRecôncavo","4.931.300","22,17","+1,70%"
"TRPL4","Transmissão Paulista","4.683.400","26,49","-0,23%"
"ANIM3","Ânima Educação","4.433.800","4,64","-2,32%"
"ARZZ3","Arezzo","4.300.800","53,95","-5,02%"
"ALOS3","ALOS3","4.212.300","23,44","-2,90%"
"TEND3","Construtora Tenda","4.163.700","13,68","-1,30%"
"ALPA4","Alpargatas","4.146.800","9,17","-3,78%"
"VIVA3","Vivara","4.142.800","24,07","-2,15%"
"GGPS3","GPS","4.094.900","20,07","-0,59%"
"MLAS3","Multilaser","4.085.000","2,31","-11,15%"
"GOLL4","GOL","4.060.500","1,49","-4,49%"
"SIMH3","Simpar","4.051.800","7,17","-4,65%"
"MULT3","Multiplan","3.886.300","24,98","-2,99%"
"YDUQ3","YDUQS","3.854.600","16,31","-3,55%"
"ONCO3","Oncoclínicas","3.847.600","8,31","-1,54%"
"POMO4","Marcopolo","3.763.900","7,59","+0,00%"
"AURE3","Auren Energia","3.497.600","12,02","-1,31%"
"ENAT3","Enauta","3.300.300","28,18","+1,88%"
"GMAT3","Grupo Mateus","3.269.600","8,18","-0,73%"
"SLCE3","SLC Agrícola","3.269.000","19,61","-0,10%"
"SBFG3","Grupo SBF","3.080.600","13,94","-1,27%"
"BRKM5","Braskem","3.003.900","24,71","-0,60%"
"SBSP3","Sabesp","2.977.900","83,80","-1,37%"
"STBP3","Santos Brasil","2.893.900","13,72","-2,14%"
"SEQL3","Sequoia Logística","2.806.300","0,31","-3,12%"
"CXSE3","Caixa Seguridade","2.797.500","15,82","-0,25%"
"FLRY3","Fleury","2.729.400","14,70","-1,41%"
"LJQQ3","Lojas Quero-Quero","2.695.700","5,45","-2,68%"
"ODPV3","Odontoprev","2.619.800","11,72","-0,09%"
"JALL3","Jalles Machado","2.587.300","7,53","-1,57%"
"BPAN4","Banco Pan","2.518.900","9,21","-2,23%"
"JHSF3","JHSF","2.502.200","4,68","-2,30%"
"GUAR3","Guararapes","2.458.900","8,17","-2,27%"
"EZTC3","EZTEC","2.388.000","15,00","-3,16%"
"SRNA3","SRNA3","2.322.000","9,16","-2,35%"
"POSI3","Positivo","2.260.700","9,99","-2,73%"
"KRSA3","Kora Saúde","2.167.700","0,76","-3,80%"
"CPFE3","CPFL Energia","2.092.300","35,71","-1,90%"
"VIVT3","Vivo","2.049.600","50,47","-0,90%"
"CURY3","Cury","1.861.000","20,08","-2,76%"
"SAPR4","Sanepar","1.850.000","5,16","-1,15%"
"SMTO3","São Martinho","1.789.300","31,30","-1,23%"
"JSLG3","JSL","1.712.200","13,16","-5,26%"
"SMFT3","Smart Fit","1.698.100","26,05","-1,96%"
"AZEV3","Azevedo & Travassos","1.689.700","1,75","+8,02%"
"EGIE3","Engie","1.675.200","41,50","-3,08%"
"BRSR6","Banrisul","1.670.100","13,34","-0,74%"
"CSMG3","COPASA","1.640.800","21,75","+0,05%"
"AERI3","Aeris Energy","1.527.300","0,60","-3,23%"
"AESB3","AES Brasil","1.487.600","9,69","-1,92%"
"MEAL3","IMC Alimentação","1.485.800","1,68","+2,44%"
"TRAD3","Traders Club","1.484.900","0,94","-6,00%"
"INTB3","Intelbras","1.408.300","18,80","-3,04%"
"DIRR3","Direcional","1.389.400","25,00","-2,50%"
"PSSA3","Porto Seguro","1.373.800","30,98","-0,55%"
"AMBP3","Ambipar","1.360.800","13,33","-2,84%"
"EVEN3","Even","1.346.000","7,97","-0,99%"
"ELET6","Eletrobras","1.313.100","45,65","-1,64%"
"VVEO3","Viveo","1.263.200","6,85","-2,28%"
"GRND3","Grendene","1.261.900","6,38","-1,69%"
"IRBR3","IRB Brasil RE","1.251.700","40,82","-1,76%"
"CLSA3","ClearSale","1.241.000","6,34","-0,47%"
"KLBN4","Klabin","1.228.100","5,02","-0,99%"
"PDGR3","PDG Realty","1.161.100","0,30","-3,23%"
"ENJU3","Enjoei","1.120.900","2,00","+1,01%"
"CASH3","Méliuz","1.084.100","4,56","-0,65%"
"RCSL4","Recrusul","1.080.000","0,63","-3,08%"
"RAPT4","Randon","1.050.400","13,32","-0,97%"
"FESA4","Ferbasa","1.048.200","9,00","+1,35%"
"MBLY3","Mobly","1.004.000","2,37","-2,47%"
"MTRE3","Mitre Realty","990.800","5,10","-3,04%"
"VULC3","Vulcabras","930.900","16,93","-1,46%"
"MATD3","Mater Dei","841.800","5,81","+0,52%"
"ESPA3","Espaçolaser","841.100","0,98","-2,97%"
"ZAMP3","Zamp","808.900","3,20","-1,84%"
"CAML3","Camil Alimentos","773.800","8,59","-1,04%"
"MYPK3","Iochpe-Maxion","761.800","13,98","-2,10%"
"TTEN3","3tentos","747.500","10,49","-1,87%"
"RANI3","Irani","745.300","9,45","-1,87%"
"LIGT3","Light","728.000","5,09","-1,17%"
"AMAR3","Lojas Marisa","727.200","1,67","-5,65%"
"POMO3","Marcopolo","696.100","5,94","+0,68%"
"OPCT3","OceanPact","689.900","6,19","+0,00%"
"PINE4","PINE","677.800","4,46","-3,04%"
"NEOE3","Neoenergia","666.900","20,84","-1,23%"
"MDIA3","M. Dias Branco","664.300","36,15","-0,80%"
"PGMN3","Pague Menos","644.600","2,70","-1,46%"
"PLPL3","Plano&Plano","639.100","13,44","-0,88%"
"ARML3","Armac","629.000","12,14","-2,25%"
"MILS3","Mills","605.000","13,37","-1,40%"
"TUPY3","Tupy","598.400","28,41","-2,20%"
"PORT3","Wilson Sons","586.600","17,63","-1,51%"
"CSED3","Cruzeiro do Sul Educacional","578.800","4,39","-2,01%"
"KEPL3","Kepler Weber","569.100","10,56","-2,04%"
"HBRE3","HBR Realty","568.700","5,83","-2,51%"
"TFCO4","Track & Field","536.900","11,89","-3,49%"
"CMIG3","CEMIG","536.200","15,10","-0,72%"
"PTBL3","Portobello","527.600","6,49","-1,37%"
"LAVV3","Lavvi Incorporadora","520.000","9,24","-2,84%"
"ABCB4","Banco ABC Brasil","514.200","24,34","-2,17%"
"LUPA3","Lupatech","486.500","1,74","-1,14%"
"SEER3","Ser Educacional","466.900","6,88","-1,71%"
"DASA3","Dasa","439.700","5,43","-4,06%"
"LAND3","Terra Santa","432.400","14,70","+13,16%"
"MDNE3","Moura Dubeux","431.200","13,79","-3,43%"
"LEVE3","Mahle Metal Leve","419.100","34,88","-1,64%"
"SANB4","Banco Santander","410.900","14,41","-3,74%"
"TRIS3","Trisul","409.600","5,41","-2,70%"
"RCSL3","Recrusul","403.000","1,60","-1,84%"
"SANB3","Banco Santander","400.000","12,85","-3,53%"
"VLID3","Valid","392.700","18,12","-3,72%"
"USIM3","Usiminas","378.800","9,62","-3,12%"
"NGRD3","Neogrid","377.500","1,06","+0,00%"
"HBOR3","Helbor","374.900","2,90","-2,68%"
"TCSA3","Tecnisa","348.300","2,80","-2,44%"
"VITT3","Vittia","348.000","6,45","-1,38%"
"SHUL4","Schulz","346.300","6,70","-2,19%"
"PRNR3","Priner","344.900","13,66","+0,96%"
"BRIT3","Brisanet","342.000","4,23","-1,40%"
"WIZC3","Wiz Soluções","324.300","7,16","-2,45%"
"BLAU3","Blau Farmacêutica","323.100","12,10","+1,00%"
"TASA4","Taurus","310.700","13,01","-0,99%"
"AGXY3","AgroGalaxy","309.200","2,01","-4,29%"
"SOJA3","Boa Safra Sementes","302.400","16,90","-2,87%"
"PNVL3","Dimed","291.300","11,90","-2,30%"
"BMOB3","Bemobi","281.000","13,15","-2,23%"
"ORVR3","Orizon","266.700","37,40","-3,51%"
"SYNE3","SYN","265.500","8,81","-1,78%"
"FIQE3","Unifique","264.400","3,99","-2,68%"
"BMGB4","Banco BMG","257.300","3,45","-1,15%"
"ITUB3","Itaú Unibanco","256.100","28,45","-2,03%"
"SAPR3","Sanepar","252.500","4,90","-1,61%"
"UNIP6","Unipar","244.800","64,81","-0,98%"
"KLBN3","Klabin","239.300","4,99","-0,40%"
"JFEN3","João Fortes","231.600","1,81","-2,69%"
"AGRO3","BrasilAgro","223.400","24,99","-1,96%"
"FRAS3","Fras-le","218.800","17,97","-0,88%"
"LOGG3","LOG CP","218.600","22,25","-1,68%"
"TGMA3","Tegma","207.200","26,65","-2,20%"
"TECN3","Technos","207.200","4,29","-6,13%"
"ROMI3","Indústrias ROMI","199.400","12,40","-0,80%"
"ALPK3","Estapar","188.200","4,68","+2,41%"
"PFRM3","Profarma","175.100","5,36","-2,72%"
"MELK3","Melnick","161.800","4,88","-0,20%"
"ETER3","Eternit","156.100","7,55","-1,05%"
"ITSA3","Itaúsa","150.900","10,02","-1,47%"
"TAEE4","Taesa","146.600","12,17","-0,81%"
"AALR3","Alliança","143.600","9,96","+2,36%"
"DMVF3","D1000 Varejo Farma","132.900","6,71","-1,32%"
"ALLD3","Allied","123.400","9,56","+0,42%"
"SHOW3","Time For Fun","116.900","2,79","-1,06%"
"RSID3","Rossi Residencial","107.000","4,10","-0,97%"
"RNEW4","Renova Energia","92.700","1,12","+0,00%"
"BRAP3","Bradespar","89.900","20,30","-1,60%"
"EUCA4","Eucatex","83.700","16,73","-4,29%"
"PMAM3","Paranapanema","82.200","3,01","+0,33%"
"SGPS3","Springs","80.700","0,80","+0,00%"
"DESK3","Desktop","80.000","15,13","-3,57%"
"VIVR3","Viver","80.000","3,09","+0,00%"
"TPIS3","Triunfo","76.900","3,88","-0,77%"
"OIBR4","Oi","73.800","1,85","+0,00%"
"TAEE3","Taesa","69.500","12,03","-0,58%"
"WHRL4","Whirlpool","67.000","4,65","-1,27%"
"CSUD3","CSU Cardsystem","61.100","19,45","-1,77%"
"INEP4","Inepar","60.500","3,11","+0,32%"
"DEXP3","Dexxos","57.300","11,35","-1,22%"
"IGTI3","Iguatemi","56.700","3,23","-0,31%"
"IGTI3","Jereissati Participações","56.700","3,23","-0,31%"
"PDTC3","Padtec","55.800","2,51","+0,40%"
"INEP3","Inepar","51.100","3,75","+2,18%"
"ALUP4","Alupar","49.700","9,93","-2,07%"
"CAMB3","Cambuci","48.000","10,99","+1,29%"
"LPSB3","Lopes","47.200","2,14","-2,73%"
"ELMD3","Eletromidia","45.400","18,50","-3,65%"
"MGEL4","Mangels","44.100","18,50","+5,11%"
"WHRL3","Whirlpool","43.800","4,97","+5,97%"
"GGBR3","Gerdau","41.900","20,52","-0,19%"
"RNEW3","Renova Energia","33.600","1,14","+0,00%"
"LOGN3","Log-In","31.700","36,40","-2,15%"
"GOAU3","Metalúrgica Gerdau","28.200","10,85","-0,09%"
"ALUP3","Alupar","27.900","10,29","-3,11%"
"DOTZ3","Dotz","24.700","5,52","+6,56%"
"ATOM3","ATOM","22.900","2,02","+0,00%"
"BIOM3","Biomm","21.700","10,18","-1,55%"
"CLSC4","Celesc","20.200","66,10","-2,78%"
"ENGI4","Energisa","20.100","8,03","-2,55%"
"UNIP3","Unipar","19.600","60,39","-0,92%"
"MAPT4","Cemepe","17.300","6,22","-8,53%"
"RAPT3","Randon","16.800","11,19","-1,15%"
"LVTC3","WDC Networks","16.600","3,84","+0,79%"
"CTNM4","Coteminas","16.500","1,17","+0,00%"
"EPAR3","Embpar Participações","15.400","7,61","-2,19%"
"BPAC5","Banco BTG Pactual","14.200","8,75","-3,10%"
"EALT4","Electro Aço Altona","14.100","10,68","-2,02%"
"NUTR3","Nutriplant","14.100","5,19","+1,76%"
"WEST3","Westwing","14.000","1,29","-0,77%"
"CTSA4","Santanense","13.600","1,51","-1,31%"
"SCAR3","São Carlos","13.000","26,60","-1,08%"
"BEES3","Banestes","12.800","8,85","-1,99%"
"CGRA4","Grazziotin","12.100","27,97","+0,97%"
"UCAS3","Unicasa","11.400","2,65","+0,00%"
"FRTA3","Pomi Frutas","11.000","1,44","+4,35%"
"BAHI3","Bahema","10.900","8,58","+8,06%"
"EMAE4","EMAE","10.800","78,50","-1,00%"
"OFSA3","Ourofino Saúde Animal","10.200","23,99","+0,54%"
"COCE5","Coelce","10.000","34,57","-2,59%"
"TASA3","Taurus","10.000","13,64","-1,09%"
"NINJ3","GetNinjas","9.500","5,11","-0,20%"
"EQPA3","Equatorial Energia Pará","9.100","7,93","+0,00%"
"OSXB3","OSX Brasil","8.500","4,24","-2,75%"
"BMEB4","Banco Mercantil do Brasil","8.200","23,00","+0,31%"
"ENGI3","Energisa","8.200","15,06","-4,26%"
"SNSY5","Sansuy","6.200","6,44","+1,58%"
"CEBR6","CEB","5.900","21,86","+1,20%"
"RDNI3","RNI","5.600","3,75","+0,54%"
"BRSR3","Banrisul","5.300","13,27","-0,97%"
"CTSA3","Santanense","5.300","2,86","-2,39%"
"TRPL3","Transmissão Paulista","5.100","33,51","+2,10%"
"BOBR4","Bombril","5.100","2,15","+0,00%"
"BPAC3","Banco BTG Pactual","4.300","17,34","-3,45%"
"FHER3","Fertilizantes Heringer","4.200","5,38","-1,47%"
"ESTR4","Estrela","4.100","2,10","-4,98%"
"BRKM3","Braskem","3.600","23,79","-1,08%"
"ATMP3","Atma","3.000","1,93","+0,00%"
"SNSY3","Sansuy","2.900","11,07","+2,50%"
"PLAS3","Plascar","2.600","7,56","-10,95%"
"CEBR5","CEB","2.400","19,96","+1,06%"
"REDE3","Rede Energia","2.400","6,97","+0,00%"
"BEES4","Banestes","2.300","9,70","-0,41%"
"HAGA4","Haga","2.200","1,16","+0,00%"
"CEBR3","CEB","2.000","21,54","-0,69%"
"BAZA3","Banco da Amazônia","1.900","106,48","+0,45%"
"PEAB4","Participações Aliança da Bahia","1.900","47,11","+0,45%"
"PTNT3","Pettenati","1.800","10,80","+0,47%"
"CGAS5","Comgás","1.700","112,98","-1,33%"
"CEEB3","COELBA","1.700","39,42","+2,63%"
"MTSA4","METISA","1.500","49,29","+3,31%"
"NEXP3","Brasil Brokers","1.500","4,29","+1,66%"
"VSTE3","LE LIS BLANC","1.400","16,00","-2,32%"
"APER3","Alper","1.300","42,00","-1,25%"
"CGRA3","Grazziotin","1.300","27,35","+1,33%"
"BDLL4","Bardella","1.300","9,63","+5,82%"
"BGIP4","Banese","1.200","23,19","+0,39%"
"CRPG5","Tronox Pigmentos","1.100","31,70","-0,60%"
"RPMG3","Refinaria de Manguinhos","1.100","2,05","+0,00%"
"CGAS3","Comgás","900","119,48","-0,23%"
"EUCA3","Eucatex","900","17,07","+0,41%"
"EKTR4","Elektro","800","47,89","+3,64%"
"WLMM4","WLM","800","25,37","+1,48%"
"MERC4","Mercantil do Brasil Financeira","700","7,60","+0,13%"
"RSUL4","Metalúrgica Riosulense","600","80,37","+1,73%"
"BAUH4","Excelsior","500","78,76","+0,01%"
"PINE3","PINE","500","7,25","+0,97%"
"MAPT3","Cemepe","500","6,49","+18,21%"
"MNDL3","Mundial","400","44,17","-5,62%"
"CRPG6","Tronox Pigmentos","400","30,05","-0,83%"
"ALPA3","Alpargatas","400","9,90","-0,80%"
"AFLT3","Afluente T","400","7,94","+7,59%"
"CLSC3","Celesc","300","66,49","+0,74%"
"HBTS5","Habitasul","300","40,01","-2,41%"
"MNPR3","Minupar","300","18,59","+0,22%"
"TELB4","Telebras","300","10,20","-0,78%"
"CEED4","CEEE D","200","25,00","+0,00%"
"BRSR5","Banrisul","200","16,00","-5,83%"
"BALM4","Baumer","200","10,49","+0,00%"
"BSLI3","Banco de Brasília","200","9,51","-0,21%"
"CTNM3","Coteminas","200","8,81","-0,23%"
"RPAD5","Alfa Holdings","200","8,35","+0,00%"
"HETA4","Hercules","200","6,05","-0,17%"
"MWET4","Wetzel","200","5,74","-0,35%"
"DOHL4","Döhler","200","4,50","-0,44%"
"HAGA3","Haga","200","2,63","+0,00%"
"PEAB3","Participações Aliança da Bahia","100","39,00","+0,00%"
"CALI3","Adolpho Lindenberg","100","29,00","+11,54%"
"BMEB3","Banco Mercantil do Brasil","100","23,00","-3,48%"
"CPLE5","Copel","100","20,03","+0,15%"
"TELB3","Telebras","100","14,20","+0,00%"
"NORD3","Nordon","100","8,00","-5,88%"
"PTNT4","Pettenati","100","7,85","+0,90%"
"DOHL3","Döhler","100","6,44","-0,46%"
"AVLL3","Alphaville","100","3,83","+0,26%"
"BMKS3","Monark","1","395,13","-1,22%"
"CBEE3","Ampla Energia","20.100","11,94","-0,50%"
"FIEI3","Fica","15.300","10,00","+7,41%"
"RPAD6","Alfa Holdings","13.300","8,40","+13,51%"
"GEPA4","Rio Paranapanema Energia","6.500","26,60","+0,30%"
"HOOT4","Hotéis Othon","6.200","2,80","-1,41%"
"BDLL3","Bardella","1.000","12,00","-4,00%"
"IGTI4","Jereissati Participações","900","9,77","-2,10%"
"IGTI4","Iguatemi","900","9,77","-2,10%"
"EQMA3B","Equatorial Maranhão","300","28,99","-0,07%"
"CEDO4","Cedro Têxtil","300","27,33","-1,83%"
"MRSA6B","MRS Logística","200","26,06","+0,00%"
"USIM6","Usiminas","200","15,00","-11,24%"
"DEXP4","Dexxos","200","11,28","+2,55%"
"BSLI4","Banco de Brasília","200","10,39","-4,59%"
"EKTR3","Elektro","100","45,35","-9,30%"
"MRSA5B","MRS Logística","100","26,06","+0,00%"
"CTKA4","Karsten","4.000","19,00","-0,58%"
"BMIN4","Banco Mercantil de Investimentos","500","15,30","-4,20%"
"MRSA3B","MRS Logística","400","28,00","+0,00%"
"LIPR3","Eletropar","300","51,90","+3,02%"
"CSRN3","COSERN","300","25,78","-2,72%"
"SOND5","Sondotécnica","200","54,65","+8,17%"
"LUXM4","Trevisa","200","15,70","+0,06%"
"UNIP5","Unipar","100","65,52","-2,51%"
"BGIP3","Banese","100","27,40","+0,40%"
"FESA3","Ferbasa","100","15,89","+2,52%"
"EALT3","Electro Aço Altona","100","9,88","+0,00%"
"CSRN5","COSERN","700","24,40","-0,41%"
"BALM3","Baumer","300","12,00","+6,86%"
"EMAE3","EMAE","100","70,00","+16,65%"
"CTKA3","Karsten","300","19,00","-5,00%"
"SOND6","Sondotécnica","200","57,98","+0,00%"
"CEDO3","Cedro Têxtil","200","33,00","+3,12%"
"AHEB3","São Paulo Turismo","100","19,00","+0,00%"
"GEPA3","Rio Paranapanema Energia","1.100","27,20","+6,67%"
"GSHP3","General Shopping & Outlets","700","10,80","+0,00%"
"ENMT4","Energisa MT","600","75,00","+0,00%"
"FRIO3","Metalfrio","200","301,00","-0,33%"
"TKNO4","Tekno","100","68,00","-1,43%"
"CSRN6","COSERN","100","24,00","+4,35%"
"JOPA3","Josapar","100","21,33","+1,57%"
"BNBR3","Banco do Nordeste","100","109,00","+2,35%"
"BRIV4","Alfa Investimento","700","12,54","+0,08%"
"ENMT3","Energisa MT","100","77,00","+0,67%"
"DTCY3","Dtcom","100","4,70","+5,62%"
"CRIV4","Alfa Financeira","90.000","6,74","+0,15%"
"CRPG3","Tronox Pigmentos","500","33,80","-4,79%"
"MOAR3","Monteiro Aranha","400","396,00","+0,25%"
"BRGE3","Consórcio Alfa","100","13,50","+0,00%"
"BRIV3","Alfa Investimento","3.000","12,86","+0,23%"
"ELET5","Eletrobras","1.000","99,00","+0,00%"
"BRGE6","Consórcio Alfa","400","12,92","+0,16%"
"PATI3","Panatlântica","100","29,90","+7,94%"
"DMFN3","DM Financeira","100","12,50","+0,00%"
"EQPA6","Equatorial Energia Pará","600","9,00","+0,00%"
"CRIV3","Alfa Financeira","300","6,98","+0,14%"
"BRKM6","Braskem","100","15,18","-5,07%"
"BRGE12","Consórcio Alfa","100","13,47","-0,88%"
"BRGE11","Consórcio Alfa","300","13,18","+0,08%"
"GPAR3","CELGPAR","100","47,50","+11,06%"
"PATI4","Panatlântica","300","33,00","+3,12%"
"RPAD3","Alfa Holdings","1.000","8,40","+0,12%"
"TEKA4","Teka","700","40,95","+2,38%"
"MSPA4","Melhoramentos","2.100","37,00","-2,63%"
"WLMM3","WLM","200","22,81","-6,32%"
"TEKA3","Teka","300","50,00","+0,00%"
"EQPA7","Equatorial Energia Pará","8.000","7,51","+0,00%"
"BRGE5","Consórcio Alfa","100","13,18","+0,08%"
"BRGE8","Consórcio Alfa","400","13,17","+12,95%"
"MSPA3","Melhoramentos","100","43,00","+0,00%"
"CEEB5","COELBA","100","36,86","+0,03%"
"MWET3","Wetzel","100","13,30","+0,00%"
"BRGE7","Consórcio Alfa","500","13,07","-3,54%"
"EQPA5","Equatorial Energia Pará","100","7,50","+0,00%"
"JOPA4","Josapar","200","35,00","+3,55%"
"BMIN3","Banco Mercantil de Investimentos","100","20,01","+0,00%"
"COCE3","Coelce","100","50,99","+8,49%"
"CEGR3","Naturgy (CEG)","300","68,00","-20,00%"
"ESTR3","Estrela","200","7,60","-5,00%"
"AHEB5","São Paulo Turismo","100","16,61","+0,00%"
"CEED3","CEEE D","100","22,90","-5,68%"
"CSAB3","Cia. de Seg. Aliança da Bahia","100","30,50","-1,61%"
"CSAB4","Cia. de Seg. Aliança da Bahia","1.600","48,97","+19,47%"
"MEGA3","OMEGA ENERGIA S.A.","2.220.100","9,62","+1,48%"
"SQIA3","Sinqia","1.444.800","27,37","-0,29%"
"ALSO3","Aliansce Sonae","5.883.300","23,33","+2,06%"
"BRPR3","BR Properties","10.600","131,17","+2,48%"
"MTSA3","METISA","100","79,00","+2,60%"
"SLED4","Saraiva","64.300","1,60","-1,84%"
"SLED3","Saraiva","3.000","3,21","-0,31%"
"AHEB6","São Paulo Turismo","100","17,02","+0,06%"
"VIIA3","VIIA3","213.149.200","0,75","+2,74%"
"ENBR3","EDP Brasil","1.697.900","24,08","+0,12%"
"BOAS3","Boa Vista","23.239.000","7,95","-0,38%"
"MODL3","Banco Modal","16.688.000","3,08","+0,33%"
"MERC3","Mercantil do Brasil Financeira","51.500","15,28","+1,13%"
"CRDE3","CRDE3","400","16,00","+0,00%"
"IGBR3","IGB Eletrônica","700","175,99","+1,14%"
"ODER4","Conservas Oderich","100","100,00","+12,35%"
"PARD3","Hermes Pardini","1.861.800","18,10","+1,29%"
"CASN3","CASAN","100","10,43","-18,39%"
"WIZS3","WIZS3","779.400","7,16","+1,99%"
"LLIS3","LLIS3","249.800","1,73","+2,98%"
"BRML3","BRMalls","16.132.900","8,26","+2,35%"
"DMMO3","Dommo Energia","3.254.800","1,76","-1,12%"
"GETT3","Getnet","46.500","2,40","+1,27%"
"GETT4","Getnet","18.500","2,40","+1,27%"
"SULA4","SulAmérica","18.600","7,63","+5,53%"
"SULA3","SulAmérica","4.000","7,43","+1,50%"
"CEPE5","CELPE","100","40,12","+0,02%"
"TCNO4","Tecnosolo","36.800","0,85","-9,57%"
"TCNO3","Tecnosolo","3.400","1,20","-1,64%"
"CEPE6","CELPE","100","43,00","+6,17%"
"BKBR3","BKBR3","782.300","7,63","+0,26%"
"MTIG4","Metalgráfica Iguaçu","100","23,00","+0,00%"
"BLUT4","Blue Tech Solutions","171.100","1,52","-5,59%"
"BLUT3","Blue Tech Solutions","13.400","5,14","+0,59%"
"MODL4","Banco Modal","700","2,72","-2,16%"
"CARD3","CARD3","118.000","14,51","+1,82%"
"SHUL3","Schulz","100","27,94","-50,12%"
"FIGE3","Investimentos Bemge","100","12,03","+99,83%"
"FNCN3","FNCN3","4.800","14,25","-0,35%"
"HETA3","Hercules","200","96,00","+0,00%"
"LCAM3","Locamerica","26.118.900","24,15","+1,86%"
"BIDI4","Banco Inter","52.479.800","3,41","-2,01%"
"BIDI3","Banco Inter","15.262.400","3,40","-2,58%"
"EEEL4","CEEE GT","100","410,00","-2,88%"
"EEEL3","CEEE GT","400","421,01","+5,25%"
"BBRK3","BBRK3","1.279.600","0,80","+1,27%"
"SOND3","Sondotécnica","200","46,01","+14,45%"
"CESP6","CESP","9.306.600","25,25","+1,41%"
"CESP3","CESP","11.500","25,55","+1,71%"
"CESP5","CESP","300","25,00","+2,75%"
"ECPR4","Encorpar","100","90,74","+0,42%"
"MOSI3","Mosaico","1.021.200","8,24","+3,00%"
"POWE3","Focus Energia","678.000","10,90","-2,24%"
"ECPR3","Encorpar","300","90,25","+12,97%"
"GNDI3","NotreDame Intermédica","33.458.600","65,34","+0,00%"
"LAME4","Lojas Americanas","43.631.000","6,55","+2,02%"
"LAME3","Lojas Americanas","10.941.100","6,62","+2,95%"
"OMGE3","Omega Geração","834.900","27,57","-0,86%"
"IGTA3","IGTA3","1.643.400","33,13","+0,18%"
"JPSA3","JPSA3","100.100","29,02","+1,75%"
"BRDT3","BRDT3","24.483.500","22,03","-5,17%"
"JBDU4","JBDU4","2.556.100","1,36","+3,82%"
"JBDU3","JBDU3","1.890.100","3,12","+9,09%"
"HGTX3","Hering","7.519.800","37,50","-2,65%"
"CCPR3","CCPR3","328.200","10,16","-4,51%"
"DTEX3","DTEX3","2.867.800","20,63","-3,10%"
"VVAR3","VVAR3","64.987.000","11,30","-6,38%"
"PNVL4","Dimed","2.000","18,62","-2,67%"
"TESA3","Terra Santa","41.100","48,00","-2,74%"
"BTOW3","BTOW3","11.169.600","68,00","+4,15%"
"LINX3","Linx","8.510.000","37,40","-0,27%"
"BTTL3","BTTL3","6.100","19,72","-2,33%"
"GPCP3","GPCP3","698.100","49,00","-3,92%"
"GPCP4","GPCP4","5.300","45,51","-1,30%"
"SMLS3","Smiles","1.944.100","22,40","-1,71%"
"MMXM3","MMX Mineração","1.240.300","14,00","-30,35%"
"BSEV3","Biosev","528.800","9,00","+8,43%"
"CNTO3","CNTO3","2.083.600","28,08","+4,78%"
"TIET4","AES Tietê Energia","323.700","3,51","+1,15%"
"TIET3","AES Tietê Energia","169.100","3,49","+0,87%"
"CORR4","Corrêa Ribeiro","100","82,00","+18,84%"
"CEPE3","CELPE","1.300","128,00","+85,32%"
"CALI4","Adolpho Lindenberg","100","50,00","+4,17%"
"SNSY6","Sansuy","100","11,51","+4,64%"
"CASN4","CASAN","100","10,00","-16,67%"
"BPAR3","Banpará","100","182,07","+20,58%"
"APTI4","Aliperti","200","3.500,00","-61,96%"
"VSPT3","FCA","1.000.000","4.999.999,50","+114,29%"
"MTIG3","Metalgráfica Iguaçu","400","156,30","+29,60%"
"FIGE4","Investimentos Bemge","100","38,01","-4,97%"
"LUXM3","Trevisa","200","2,50","+8,23%"
"TKNO3","Tekno","100","85,79","+10,64%"
"COCE6","Coelce","100","35,00","+16,63%"
"MGEL3","Mangels","100","75,00","+8,70%"
"CTSA8","Santanense","2.000","1,00","+0,00%"
"MMAQ4","Minasmáquinas","14","200,06","-28,55%"
